index,id,delay,test item,fifo en,fifo mode,fifo wmk,max num,odr,range,osr1,osr2,sr
16,0,0,0,0,0,0,4000,0,0,3,0,0
17,0,0,0,0,0,0,4000,0,0,3,1,0
18,0,0,0,0,0,0,4000,0,0,3,2,0
19,0,0,0,0,0,0,4000,0,0,3,3,0
20,0,0,0,0,0,0,4000,0,0,3,4,0
36,0,0,0,0,0,0,4000,1,0,3,0,0
37,0,0,0,0,0,0,4000,1,0,3,1,0
38,0,0,0,0,0,0,4000,1,0,3,2,0
39,0,0,0,0,0,0,4000,1,0,3,3,0
40,0,0,0,0,0,0,4000,1,0,3,4,0
16,1,0,0,0,0,0,4000,0,0,3,0,0
17,1,0,0,0,0,0,4000,0,0,3,1,0
18,1,0,0,0,0,0,4000,0,0,3,2,0
19,1,0,0,0,0,0,4000,0,0,3,3,0
20,1,0,0,0,0,0,4000,0,0,3,4,0
36,1,0,0,0,0,0,4000,1,0,3,0,0
37,1,0,0,0,0,0,4000,1,0,3,1,0
38,1,0,0,0,0,0,4000,1,0,3,2,0
39,1,0,0,0,0,0,4000,1,0,3,3,0
40,1,0,0,0,0,0,4000,1,0,3,4,0
16,2,0,0,0,0,0,4000,0,0,3,0,0
17,2,0,0,0,0,0,4000,0,0,3,1,0
18,2,0,0,0,0,0,4000,0,0,3,2,0
19,2,0,0,0,0,0,4000,0,0,3,3,0
20,2,0,0,0,0,0,4000,0,0,3,4,0
36,2,0,0,0,0,0,4000,1,0,3,0,0
37,2,0,0,0,0,0,4000,1,0,3,1,0
38,2,0,0,0,0,0,4000,1,0,3,2,0
39,2,0,0,0,0,0,4000,1,0,3,3,0
40,2,0,0,0,0,0,4000,1,0,3,4,0
